,alcohol_frequency,binge_frequency,drinks_per_day,exercise_days,exercise_minutes,financial_strain,food_notlast_risk,food_worry_risk,recent_homelessness,rent_payment_problem,stress_level,transport_daily_barrier,transport_medical_barrier,utility_shutoff_risk,dx_encounter_for_general_examination_wi,dx_essential,dx_other_sepsis,dx_major_depressive_disorder_recurrent,dx_disorders_of_lipoprotein_metabolism_,any_dx_recorded
alcohol_frequency,1.0,0.433,0.904,0.174,0.225,-0.059,-0.061,-0.067,0.008,-0.017,0.029,-0.043,-0.051,-0.033,0.196,0.014,-0.075,-0.009,0.026,0.005
binge_frequency,0.433,1.0,0.476,0.063,0.093,0.073,0.033,0.031,0.087,0.055,0.097,0.022,0.018,0.026,0.104,-0.035,-0.038,0.036,-0.022,0.006
drinks_per_day,0.904,0.476,1.0,0.159,0.209,-0.022,-0.038,-0.041,0.015,0.001,0.062,-0.031,-0.038,-0.016,0.185,0.006,-0.078,0.005,0.019,0.001
exercise_days,0.174,0.063,0.159,1.0,0.796,-0.065,-0.056,-0.052,-0.035,-0.033,-0.073,-0.067,-0.07,-0.049,0.126,0.049,-0.106,-0.026,0.038,-0.072
exercise_minutes,0.225,0.093,0.209,0.796,1.0,-0.068,-0.065,-0.059,-0.042,-0.031,-0.055,-0.08,-0.083,-0.051,0.179,0.034,-0.119,-0.027,0.032,-0.074
financial_strain,-0.059,0.073,-0.022,-0.065,-0.068,1.0,0.442,0.48,0.29,0.351,0.297,0.273,0.266,0.281,-0.14,-0.026,-0.01,0.099,-0.029,-0.097
food_notlast_risk,-0.061,0.033,-0.038,-0.056,-0.065,0.442,1.0,0.859,0.433,0.484,0.25,0.432,0.413,0.41,-0.091,-0.018,-0.01,0.117,-0.018,-0.053
food_worry_risk,-0.067,0.031,-0.041,-0.052,-0.059,0.48,0.859,1.0,0.422,0.488,0.264,0.415,0.396,0.409,-0.09,-0.019,-0.015,0.119,-0.018,-0.068
recent_homelessness,0.008,0.087,0.015,-0.035,-0.042,0.29,0.433,0.422,1.0,0.491,0.196,0.461,0.44,0.303,-0.049,-0.031,-0.002,0.116,-0.021,0.006
rent_payment_problem,-0.017,0.055,0.001,-0.033,-0.031,0.351,0.484,0.488,0.491,1.0,0.216,0.381,0.367,0.462,-0.066,-0.027,-0.007,0.101,-0.023,-0.039
stress_level,0.029,0.097,0.062,-0.073,-0.055,0.297,0.25,0.264,0.196,0.216,1.0,0.176,0.171,0.17,0.016,-0.072,-0.036,0.186,-0.061,-0.027
transport_daily_barrier,-0.043,0.022,-0.031,-0.067,-0.08,0.273,0.432,0.415,0.461,0.381,0.176,1.0,0.827,0.299,-0.087,-0.015,0.003,0.109,-0.014,-0.019
transport_medical_barrier,-0.051,0.018,-0.038,-0.07,-0.083,0.266,0.413,0.396,0.44,0.367,0.171,0.827,1.0,0.287,-0.091,-0.011,0.002,0.099,-0.015,-0.023
utility_shutoff_risk,-0.033,0.026,-0.016,-0.049,-0.051,0.281,0.41,0.409,0.303,0.462,0.17,0.299,0.287,1.0,-0.053,-0.017,-0.003,0.089,-0.017,-0.032
dx_encounter_for_general_examination_wi,0.196,0.104,0.185,0.126,0.179,-0.14,-0.091,-0.09,-0.049,-0.066,0.016,-0.087,-0.091,-0.053,1.0,-0.104,-0.088,-0.077,-0.074,0.366
dx_essential,0.014,-0.035,0.006,0.049,0.034,-0.026,-0.018,-0.019,-0.031,-0.027,-0.072,-0.015,-0.011,-0.017,-0.104,1.0,-0.026,-0.023,-0.022,0.107
dx_other_sepsis,-0.075,-0.038,-0.078,-0.106,-0.119,-0.01,-0.01,-0.015,-0.002,-0.007,-0.036,0.003,0.002,-0.003,-0.088,-0.026,1.0,-0.019,-0.018,0.091
dx_major_depressive_disorder_recurrent,-0.009,0.036,0.005,-0.026,-0.027,0.099,0.117,0.119,0.116,0.101,0.186,0.109,0.099,0.089,-0.077,-0.023,-0.019,1.0,-0.016,0.08
dx_disorders_of_lipoprotein_metabolism_,0.026,-0.022,0.019,0.038,0.032,-0.029,-0.018,-0.018,-0.021,-0.023,-0.061,-0.014,-0.015,-0.017,-0.074,-0.022,-0.018,-0.016,1.0,0.077
any_dx_recorded,0.005,0.006,0.001,-0.072,-0.074,-0.097,-0.053,-0.068,0.006,-0.039,-0.027,-0.019,-0.023,-0.032,0.366,0.107,0.091,0.08,0.077,1.0
