left,right,correlation,abs_correlation
alcohol_frequency,drinks_per_day,0.904,0.904
food_notlast_risk,food_worry_risk,0.859,0.859
transport_daily_barrier,transport_medical_barrier,0.827,0.827
exercise_days,exercise_minutes,0.796,0.796
recent_homelessness,rent_payment_problem,0.491,0.491
food_worry_risk,rent_payment_problem,0.488,0.488
food_notlast_risk,rent_payment_problem,0.484,0.484
financial_strain,food_worry_risk,0.48,0.48
binge_frequency,drinks_per_day,0.476,0.476
rent_payment_problem,utility_shutoff_risk,0.462,0.462
recent_homelessness,transport_daily_barrier,0.461,0.461
financial_strain,food_notlast_risk,0.442,0.442
recent_homelessness,transport_medical_barrier,0.44,0.44
food_notlast_risk,recent_homelessness,0.433,0.433
alcohol_frequency,binge_frequency,0.433,0.433
food_notlast_risk,transport_daily_barrier,0.432,0.432
food_worry_risk,recent_homelessness,0.422,0.422
food_worry_risk,transport_daily_barrier,0.415,0.415
food_notlast_risk,transport_medical_barrier,0.413,0.413
food_notlast_risk,utility_shutoff_risk,0.41,0.41
food_worry_risk,utility_shutoff_risk,0.409,0.409
food_worry_risk,transport_medical_barrier,0.396,0.396
rent_payment_problem,transport_daily_barrier,0.381,0.381
rent_payment_problem,transport_medical_barrier,0.367,0.367
dx_encounter_for_general_examination_wi,any_dx_recorded,0.366,0.366
financial_strain,rent_payment_problem,0.351,0.351
recent_homelessness,utility_shutoff_risk,0.303,0.303
transport_daily_barrier,utility_shutoff_risk,0.299,0.299
financial_strain,stress_level,0.297,0.297
financial_strain,recent_homelessness,0.29,0.29
transport_medical_barrier,utility_shutoff_risk,0.287,0.287
financial_strain,utility_shutoff_risk,0.281,0.281
financial_strain,transport_daily_barrier,0.273,0.273
financial_strain,transport_medical_barrier,0.266,0.266
food_worry_risk,stress_level,0.264,0.264
food_notlast_risk,stress_level,0.25,0.25
alcohol_frequency,exercise_minutes,0.225,0.225
rent_payment_problem,stress_level,0.216,0.216
drinks_per_day,exercise_minutes,0.209,0.209
recent_homelessness,stress_level,0.196,0.196
alcohol_frequency,dx_encounter_for_general_examination_wi,0.196,0.196
stress_level,dx_major_depressive_disorder_recurrent,0.186,0.186
drinks_per_day,dx_encounter_for_general_examination_wi,0.185,0.185
exercise_minutes,dx_encounter_for_general_examination_wi,0.179,0.179
stress_level,transport_daily_barrier,0.176,0.176
alcohol_frequency,exercise_days,0.174,0.174
stress_level,transport_medical_barrier,0.171,0.171
stress_level,utility_shutoff_risk,0.17,0.17
drinks_per_day,exercise_days,0.159,0.159
financial_strain,dx_encounter_for_general_examination_wi,-0.14,0.14
exercise_days,dx_encounter_for_general_examination_wi,0.126,0.126
food_worry_risk,dx_major_depressive_disorder_recurrent,0.119,0.119
exercise_minutes,dx_other_sepsis,-0.119,0.119
food_notlast_risk,dx_major_depressive_disorder_recurrent,0.117,0.117
recent_homelessness,dx_major_depressive_disorder_recurrent,0.116,0.116
transport_daily_barrier,dx_major_depressive_disorder_recurrent,0.109,0.109
dx_essential,any_dx_recorded,0.107,0.107
exercise_days,dx_other_sepsis,-0.106,0.106
binge_frequency,dx_encounter_for_general_examination_wi,0.104,0.104
dx_encounter_for_general_examination_wi,dx_essential,-0.104,0.104
rent_payment_problem,dx_major_depressive_disorder_recurrent,0.101,0.101
financial_strain,dx_major_depressive_disorder_recurrent,0.099,0.099
transport_medical_barrier,dx_major_depressive_disorder_recurrent,0.099,0.099
binge_frequency,stress_level,0.097,0.097
financial_strain,any_dx_recorded,-0.097,0.097
binge_frequency,exercise_minutes,0.093,0.093
food_notlast_risk,dx_encounter_for_general_examination_wi,-0.091,0.091
dx_other_sepsis,any_dx_recorded,0.091,0.091
transport_medical_barrier,dx_encounter_for_general_examination_wi,-0.091,0.091
food_worry_risk,dx_encounter_for_general_examination_wi,-0.09,0.09
utility_shutoff_risk,dx_major_depressive_disorder_recurrent,0.089,0.089
dx_encounter_for_general_examination_wi,dx_other_sepsis,-0.088,0.088
transport_daily_barrier,dx_encounter_for_general_examination_wi,-0.087,0.087
binge_frequency,recent_homelessness,0.087,0.087
exercise_minutes,transport_medical_barrier,-0.083,0.083
dx_major_depressive_disorder_recurrent,any_dx_recorded,0.08,0.08
exercise_minutes,transport_daily_barrier,-0.08,0.08
drinks_per_day,dx_other_sepsis,-0.078,0.078
dx_encounter_for_general_examination_wi,dx_major_depressive_disorder_recurrent,-0.077,0.077
dx_disorders_of_lipoprotein_metabolism_,any_dx_recorded,0.077,0.077
alcohol_frequency,dx_other_sepsis,-0.075,0.075
exercise_minutes,any_dx_recorded,-0.074,0.074
dx_encounter_for_general_examination_wi,dx_disorders_of_lipoprotein_metabolism_,-0.074,0.074
binge_frequency,financial_strain,0.073,0.073
exercise_days,stress_level,-0.073,0.073
stress_level,dx_essential,-0.072,0.072
exercise_days,any_dx_recorded,-0.072,0.072
exercise_days,transport_medical_barrier,-0.07,0.07
exercise_minutes,financial_strain,-0.068,0.068
food_worry_risk,any_dx_recorded,-0.068,0.068
exercise_days,transport_daily_barrier,-0.067,0.067
alcohol_frequency,food_worry_risk,-0.067,0.067
rent_payment_problem,dx_encounter_for_general_examination_wi,-0.066,0.066
exercise_days,financial_strain,-0.065,0.065
exercise_minutes,food_notlast_risk,-0.065,0.065
binge_frequency,exercise_days,0.063,0.063
drinks_per_day,stress_level,0.062,0.062
alcohol_frequency,food_notlast_risk,-0.061,0.061
stress_level,dx_disorders_of_lipoprotein_metabolism_,-0.061,0.061
alcohol_frequency,financial_strain,-0.059,0.059
exercise_minutes,food_worry_risk,-0.059,0.059
exercise_days,food_notlast_risk,-0.056,0.056
exercise_minutes,stress_level,-0.055,0.055
binge_frequency,rent_payment_problem,0.055,0.055
food_notlast_risk,any_dx_recorded,-0.053,0.053
utility_shutoff_risk,dx_encounter_for_general_examination_wi,-0.053,0.053
exercise_days,food_worry_risk,-0.052,0.052
alcohol_frequency,transport_medical_barrier,-0.051,0.051
exercise_minutes,utility_shutoff_risk,-0.051,0.051
exercise_days,utility_shutoff_risk,-0.049,0.049
recent_homelessness,dx_encounter_for_general_examination_wi,-0.049,0.049
exercise_days,dx_essential,0.049,0.049
alcohol_frequency,transport_daily_barrier,-0.043,0.043
exercise_minutes,recent_homelessness,-0.042,0.042
drinks_per_day,food_worry_risk,-0.041,0.041
rent_payment_problem,any_dx_recorded,-0.039,0.039
drinks_per_day,food_notlast_risk,-0.038,0.038
binge_frequency,dx_other_sepsis,-0.038,0.038
drinks_per_day,transport_medical_barrier,-0.038,0.038
exercise_days,dx_disorders_of_lipoprotein_metabolism_,0.038,0.038
binge_frequency,dx_major_depressive_disorder_recurrent,0.036,0.036
stress_level,dx_other_sepsis,-0.036,0.036
binge_frequency,dx_essential,-0.035,0.035
exercise_days,recent_homelessness,-0.035,0.035
exercise_minutes,dx_essential,0.034,0.034
alcohol_frequency,utility_shutoff_risk,-0.033,0.033
exercise_days,rent_payment_problem,-0.033,0.033
binge_frequency,food_notlast_risk,0.033,0.033
utility_shutoff_risk,any_dx_recorded,-0.032,0.032
exercise_minutes,dx_disorders_of_lipoprotein_metabolism_,0.032,0.032
exercise_minutes,rent_payment_problem,-0.031,0.031
drinks_per_day,transport_daily_barrier,-0.031,0.031
binge_frequency,food_worry_risk,0.031,0.031
recent_homelessness,dx_essential,-0.031,0.031
alcohol_frequency,stress_level,0.029,0.029
financial_strain,dx_disorders_of_lipoprotein_metabolism_,-0.029,0.029
stress_level,any_dx_recorded,-0.027,0.027
exercise_minutes,dx_major_depressive_disorder_recurrent,-0.027,0.027
rent_payment_problem,dx_essential,-0.027,0.027
financial_strain,dx_essential,-0.026,0.026
binge_frequency,utility_shutoff_risk,0.026,0.026
dx_essential,dx_other_sepsis,-0.026,0.026
exercise_days,dx_major_depressive_disorder_recurrent,-0.026,0.026
alcohol_frequency,dx_disorders_of_lipoprotein_metabolism_,0.026,0.026
rent_payment_problem,dx_disorders_of_lipoprotein_metabolism_,-0.023,0.023
dx_essential,dx_major_depressive_disorder_recurrent,-0.023,0.023
transport_medical_barrier,any_dx_recorded,-0.023,0.023
drinks_per_day,financial_strain,-0.022,0.022
binge_frequency,dx_disorders_of_lipoprotein_metabolism_,-0.022,0.022
dx_essential,dx_disorders_of_lipoprotein_metabolism_,-0.022,0.022
binge_frequency,transport_daily_barrier,0.022,0.022
recent_homelessness,dx_disorders_of_lipoprotein_metabolism_,-0.021,0.021
drinks_per_day,dx_disorders_of_lipoprotein_metabolism_,0.019,0.019
dx_other_sepsis,dx_major_depressive_disorder_recurrent,-0.019,0.019
food_worry_risk,dx_essential,-0.019,0.019
transport_daily_barrier,any_dx_recorded,-0.019,0.019
food_notlast_risk,dx_disorders_of_lipoprotein_metabolism_,-0.018,0.018
food_notlast_risk,dx_essential,-0.018,0.018
binge_frequency,transport_medical_barrier,0.018,0.018
dx_other_sepsis,dx_disorders_of_lipoprotein_metabolism_,-0.018,0.018
food_worry_risk,dx_disorders_of_lipoprotein_metabolism_,-0.018,0.018
alcohol_frequency,rent_payment_problem,-0.017,0.017
utility_shutoff_risk,dx_disorders_of_lipoprotein_metabolism_,-0.017,0.017
utility_shutoff_risk,dx_essential,-0.017,0.017
stress_level,dx_encounter_for_general_examination_wi,0.016,0.016
dx_major_depressive_disorder_recurrent,dx_disorders_of_lipoprotein_metabolism_,-0.016,0.016
drinks_per_day,utility_shutoff_risk,-0.016,0.016
transport_daily_barrier,dx_essential,-0.015,0.015
transport_medical_barrier,dx_disorders_of_lipoprotein_metabolism_,-0.015,0.015
drinks_per_day,recent_homelessness,0.015,0.015
food_worry_risk,dx_other_sepsis,-0.015,0.015
alcohol_frequency,dx_essential,0.014,0.014
transport_daily_barrier,dx_disorders_of_lipoprotein_metabolism_,-0.014,0.014
transport_medical_barrier,dx_essential,-0.011,0.011
food_notlast_risk,dx_other_sepsis,-0.01,0.01
financial_strain,dx_other_sepsis,-0.01,0.01
alcohol_frequency,dx_major_depressive_disorder_recurrent,-0.009,0.009
alcohol_frequency,recent_homelessness,0.008,0.008
rent_payment_problem,dx_other_sepsis,-0.007,0.007
drinks_per_day,dx_essential,0.006,0.006
recent_homelessness,any_dx_recorded,0.006,0.006
binge_frequency,any_dx_recorded,0.006,0.006
alcohol_frequency,any_dx_recorded,0.005,0.005
drinks_per_day,dx_major_depressive_disorder_recurrent,0.005,0.005
transport_daily_barrier,dx_other_sepsis,0.003,0.003
utility_shutoff_risk,dx_other_sepsis,-0.003,0.003
transport_medical_barrier,dx_other_sepsis,0.002,0.002
recent_homelessness,dx_other_sepsis,-0.002,0.002
drinks_per_day,rent_payment_problem,0.001,0.001
drinks_per_day,any_dx_recorded,0.001,0.001
