,AdmitYear,AdmitMonth,AdmitDay,AdmitHour,DischargeMonth,DischargeDay,DischargeHour,AdmissionSource,AdmissionType,Type,VisitTypeDescription,IsEdVisit,IsHospitalAdmission,IsHospitalOutpatientVisit,IsInpatientAdmission,IsObservation,IsOutpatientFaceToFaceVisit,OmbRace,OmbEthnicity,MaritalStatus,MyChartStatus,SmokingStatus,VitalStatus,PatientBirthYearBin,GroupName,ProviderType,PrimarySpecialty,DepartmentType,DepartmentSpecialty,County,PopulationValue,CENTLAT,CENTLON,sdoh_screen_count,sdoh_valid_question,sdoh_valid_answer,has_sdoh_screen
AdmitYear,1.0,-0.011512090257003664,0.017332330315614524,-0.005869435645394437,-0.009934527780223804,0.016777291263490066,0.09158036910622827,0.032025278363907,0.015277505679023836,,0.09541176468548107,-0.008069590622172955,-0.0037833817573638766,0.0964320392251412,0.00038710756631352324,-0.008314171358154196,0.013804187684203315,0.16687614175326698,0.1108709828390395,0.15449484506651773,0.18649674267598557,0.1597690718647309,0.18002173471193003,-0.006871928177582257,0.09358384069504598,0.0357622573447333,0.06191753438727596,0.03896372798692459,0.011107852537408187,0.14548398912733515,-0.020078102160396294,-0.019979044185213325,-0.065521573515257,0.20413570671122142,0.20413937235762195,0.20414816382162956,0.20432158713987764
AdmitMonth,-0.011512090257003664,1.0,-0.001110225042110507,-0.006560558941175881,0.9928828148622632,-0.0006292500797156205,0.021039570554405584,0.033046649119099096,0.044839604601370334,,0.0440590643945284,0.015516768899470788,-0.015233854710563958,0.011608855191730145,-0.017020870955952346,0.001885325931686134,-0.002346640030348304,0.025577789087255196,0.016439698390840658,0.030496534962191905,0.03290178397001189,0.03827657804908969,0.021670387700707887,0.008098097119181484,0.04073055006045525,0.030141529900389763,0.03760600256375233,0.021283137845825334,0.028033771427866422,0.014132326805112984,0.004882364717844674,-0.030246049406396015,0.013051590663836274,0.03820285637920266,0.03814303925406104,0.03813111345326919,0.03804488039864492
AdmitDay,0.017332330315614524,-0.001110225042110507,1.0,-0.02370113262242881,-0.0014267005708799546,0.9350155371203841,0.007769547274747751,0.04612485532510295,0.02639434358289551,,0.032610423122600984,-0.010955075858357937,0.0034952026570406955,-0.0008009601042458601,0.007337774837679824,-0.008122614106968956,0.00607534796577815,0.039904688265118726,0.016501464204988738,0.022581135559549395,0.03229990811796078,0.03565540345031606,0.013615450670437347,-0.008124882786963836,0.025989901447805434,0.014146072871332419,0.04063049709358121,0.024644576735597036,0.003346251579208057,0.004930731364200445,-0.024027246816913574,0.006069809758449316,0.0028336267293400568,0.033042505562200494,0.033052232965787964,0.03304721464007174,0.03327400683390569
AdmitHour,-0.005869435645394437,-0.006560558941175881,-0.02370113262242881,1.0,-0.006069526601784455,-0.022257259352198466,0.07265593146795647,0.19171513927507364,0.2864912458619137,,0.057149763979362875,0.2481579242065312,0.09955592199685759,-0.13347510211509564,0.0790186538099068,0.061928626378771987,-0.16112461442240478,0.09609619502780097,0.06627663713513261,0.13442902318436262,0.04637737155774161,0.09143714961070688,0.010359945043223991,0.14543298102376234,0.08611419198481589,0.11323420893520757,0.25934757179713847,0.2586343827972941,0.0342282479520675,0.060496141728046154,-0.017789076124556606,0.005644785127015333,-0.004706422153948201,0.0441642914330895,0.044158986836321225,0.04417092218771422,0.043099760780265436
DischargeMonth,-0.009934527780223804,0.9928828148622632,-0.0014267005708799546,-0.006069526601784455,1.0,-0.000819387933678753,0.021797285481509332,0.039325154265500366,0.05525762912919462,,0.0440901703662796,0.016354197287936707,-0.01744251887609759,0.011946667538106576,-0.0202456570752693,0.0035897029900975536,-0.0018716195843808661,0.02223490383564517,0.013318999457844627,0.029239824402642434,0.027536967878389933,0.03583315084560775,0.01887723911237198,0.009279957101624681,0.04076873998878817,0.030147383421707943,0.03879498666229252,0.024405896126300827,0.027902516852209694,0.014495730588222974,0.00486561982299469,-0.02798155265347496,0.012709455138586736,0.0362570711794504,0.03622476374025214,0.036212771309828085,0.036152630791795815
DischargeDay,0.016777291263490066,-0.0006292500797156205,0.9350155371203841,-0.022257259352198466,-0.000819387933678753,1.0,0.015384199626196717,0.04610995813274092,0.029034836958646094,,0.033627223051635964,-0.024597118525486534,-0.018080457518603453,0.007870725020094569,-0.016487927175183086,-0.007483440525360159,0.016342172562239077,0.036252374254949024,0.015178714072168621,0.026640799276475405,0.035390952282177965,0.04286084781736163,0.023539635660649608,-0.008079751695848804,0.027810092767772354,0.01728258599663788,0.04218345076853764,0.02653435626758621,0.0011214259135579436,0.0056681950871153896,-0.018199783366243883,0.0010835690002902816,0.0016295847056242575,0.020260510895518388,0.02029703714117707,0.02028964402122996,0.02041535946669854
DischargeHour,0.09158036910622827,0.021039570554405584,0.007769547274747751,0.07265593146795647,0.021797285481509332,0.015384199626196717,1.0,0.5440017396877427,0.4697255372243464,,0.31848418348003354,-0.4868217324391577,-0.25970067940195396,0.7384770636850168,-0.23583995376843886,-0.10000081591092268,0.6294711044440809,0.055690574568099824,0.01070429478974021,0.1443022358626145,0.09209143104288381,0.08390768538619688,0.03145921902998298,-0.1514811501640444,0.10355558957818982,0.23644389464204787,0.43281150665042056,0.5839185370113118,0.38922728459649975,0.10025396039285037,0.032080227713152006,0.0027265251286349296,-0.001610700218430364,-0.12930371590969256,-0.12929964839350092,-0.12929572660790004,-0.12874904655231817
AdmissionSource,0.032025278363907,0.033046649119099096,0.04612485532510295,0.19171513927507364,0.039325154265500366,0.04610995813274092,0.5440017396877427,1.0,0.7008598718641768,0.32510683523837364,0.17195456972138484,0.8445064701328567,0.5797557428656914,0.9271918496058484,0.5565566568021383,0.21146335376783015,0.35147267317144987,0.03452861942182375,0.03676275877317806,0.04219070549362432,0.03789782717811918,0.0555932091779417,0.037333325800410634,0.12964199507391644,0.06856699739800978,0.17069591040026674,0.23049107231494784,0.4726229813836331,0.16035176078424515,0.06719833001077183,0.041372086881989706,0.0375508682989452,0.0644127292628335,0.22340528244706356,0.22655035145608426,0.22635926750550422,0.19192535439168265
AdmissionType,0.015277505679023836,0.044839604601370334,0.02639434358289551,0.2864912458619137,0.05525762912919462,0.029034836958646094,0.4697255372243464,0.7008598718641768,1.0,0.39474864448002317,0.21075208747382398,0.972010761470459,0.5837534841250898,0.8613982599821861,0.5654217937089997,0.19797464342570703,0.28691612396745986,0.03540599761014928,0.022742809446437584,0.04360287731911332,0.03306521555483068,0.06666615543960598,0.0047727972610207454,0.11779411621042159,0.07470234554260244,0.17395704085474448,0.3401697712458312,0.4793751184564194,0.19688567918604932,0.07878532245450287,0.0368535229652575,0.03457034055969258,0.04234555307851907,0.19586268149535668,0.1982737271217577,0.19816984923555733,0.15884834048960197
Type,,,,,,,,0.32510683523837364,0.39474864448002317,1.0,0.5806628741541043,0.46825150836639656,0.283196181236193,0.7491983532699849,0.2571529524708226,0.11901753424972676,0.8947606395849238,0.06051571605147722,0.09993106496053555,0.08178575649563687,0.1008380353543794,0.08076810957537142,0.13248523603635204,0.15359279267393589,0.20728303687479555,0.48586363243809644,0.4044723806250259,0.4755777521355102,0.5744487963865702,0.13253180326072667,0.0589709718145423,0.12432721242457094,0.0956969498717483,0.11142520476819888,0.11245879607539568,0.11245485603048709,0.10835061040909945
VisitTypeDescription,0.09541176468548107,0.0440590643945284,0.032610423122600984,0.057149763979362875,0.0440901703662796,0.033627223051635964,0.31848418348003354,0.17195456972138484,0.21075208747382398,0.5806628741541043,1.0,0.27050496685885833,0.16360005734334793,0.3555428064144835,0.14855510263801938,0.06875543075165841,0.6733135527046096,0.037895368377350226,0.052411388740816224,0.06853382679613196,0.06516888836709508,0.06384248735311583,0.09575885855527828,0.19155474077560442,0.2805277318365952,0.4113941887906185,0.33489742668522027,0.2748092202502662,0.49804744493414504,0.15339494590650515,0.03421544378294687,0.08746388160982325,0.059640420758777964,0.09736153688403222,0.0971831456415702,0.09717748173976812,0.10942945350302175
IsEdVisit,-0.008069590622172955,0.015516768899470788,-0.010955075858357937,0.2481579242065312,0.016354197287936707,-0.024597118525486534,-0.4868217324391577,0.8445064701328567,0.972010761470459,0.46825150836639656,0.27050496685885833,1.0,0.32697897846382784,-0.05368024558330301,0.2868760354080812,0.15508501985690318,-0.21472664162988478,0.07061987087576384,0.02329009523668911,0.089915531223278,0.06428407502136371,0.07956543923924109,0.004051060611621363,0.0838526257074666,0.07771929224660348,0.24826873632674049,0.8267844598283828,0.8710326709908689,0.27369230284119017,0.12586535852149433,-0.025544828065407473,0.0011027064577445733,0.010707451915409132,0.10718384658174594,0.10719352263662686,0.10719262296938253,0.10668051167928695
IsHospitalAdmission,-0.0037833817573638766,-0.015233854710563958,0.0034952026570406955,0.09955592199685759,-0.01744251887609759,-0.018080457518603453,-0.25970067940195396,0.5797557428656914,0.5837534841250898,0.283196181236193,0.16360005734334793,0.32697897846382784,1.0,-0.03246554530074716,0.9080382064062873,0.4128017640575028,-0.12319440813643989,0.03393132916914753,0.00928029878345172,0.037818098375220516,0.050229490479872525,0.054889454679256995,0.03411252472659341,0.017124776098097552,0.06557534779445794,0.14930886743814856,0.09745388393917229,0.3456303756766306,0.16552774227844216,0.04691966310581569,-0.012287136646602454,-0.0010931140424250817,-0.0017269591622976266,0.29192429551299653,0.2919400667128739,0.2919393718185504,0.2909104550505463
IsHospitalOutpatientVisit,0.0964320392251412,0.011608855191730145,-0.0008009601042458601,-0.13347510211509564,0.011946667538106576,0.007870725020094569,0.7384770636850168,0.9271918496058484,0.8613982599821861,0.7491983532699849,0.3555428064144835,-0.05368024558330301,-0.03246554530074716,1.0,-0.029479955524892517,-0.010617757093303296,0.24999341104505035,0.027837355173057552,0.018678759283019528,0.04057818752899284,0.026916467730446175,0.05330292500991073,0.005989776305086247,-0.04058941737852072,0.1615118437318102,0.288070450444333,0.1484075398466275,0.6338857060850772,0.33471650416684184,0.14094803714907359,0.007523228626844785,0.007724777785419689,0.013159473038531462,-0.01885688349418381,-0.018855890037383503,-0.018855890078827178,-0.01877677323422791
IsInpatientAdmission,0.00038710756631352324,-0.017020870955952346,0.007337774837679824,0.0790186538099068,-0.0202456570752693,-0.016487927175183086,-0.23583995376843886,0.5565566568021383,0.5654217937089997,0.2571529524708226,0.14855510263801938,0.2868760354080812,0.9080382064062873,-0.029479955524892517,1.0,-0.0005822076796337434,-0.11136344020478761,0.031593643139481785,0.011017755259930456,0.03930959259410726,0.05187680016211017,0.05756045218517599,0.035999015146011205,0.01493594160369575,0.05756741560007473,0.13524547409507873,0.08033485584373401,0.3150642079813576,0.15030551420899882,0.04250237954028277,-0.01235345399522812,-0.0006142568592521737,-0.0018857725472103605,0.2653034403762208,0.2653136004705146,0.2653151661454722,0.26425688563106897
IsObservation,-0.008314171358154196,0.001885325931686134,-0.008122614106968956,0.061928626378771987,0.0035897029900975536,-0.007483440525360159,-0.10000081591092268,0.21146335376783015,0.19797464342570703,0.11901753424972676,0.06875543075165841,0.15508501985690318,0.4128017640575028,-0.010617757093303296,-0.0005822076796337434,1.0,-0.051269521252107944,0.01953598605999356,0.0015712861307912,0.01845847263468054,0.02102121173656511,0.014780293228910292,0.0073445277306700635,0.008458801655294751,0.03226820794517308,0.06349913879176108,0.07354928470054384,0.1761761870863548,0.06782348062443815,0.022371731746464518,-0.0014875071615585266,-0.0004313404204189448,-0.0010134760488027877,0.11885183016305907,0.11886720292367152,0.11886220974482847,0.11870694579061865
IsOutpatientFaceToFaceVisit,0.013804187684203315,-0.002346640030348304,0.00607534796577815,-0.16112461442240478,-0.0018716195843808661,0.016342172562239077,0.6294711044440809,0.35147267317144987,0.28691612396745986,0.8947606395849238,0.6733135527046096,-0.21472664162988478,-0.12319440813643989,0.24999341104505035,-0.11136344020478761,-0.051269521252107944,1.0,0.0191621775689255,0.01940495954718134,0.030481740231662648,0.022959317610261466,0.0395137835934709,0.010713669354283452,0.05121724194410021,0.1726704007584626,0.618971750307345,0.48903393201375234,0.4091449799957151,0.6575640339061355,0.10996771838389384,0.01204338137817369,0.007501450624239743,-0.011565494579011673,-0.021908039094017076,-0.021911394351050294,-0.021911365035288916,-0.021622427132005885
OmbRace,0.16687614175326698,0.025577789087255196,0.039904688265118726,0.09609619502780097,0.02223490383564517,0.036252374254949024,0.055690574568099824,0.03452861942182375,0.03540599761014928,0.06051571605147722,0.037895368377350226,0.07061987087576384,0.03393132916914753,0.027837355173057552,0.031593643139481785,0.01953598605999356,0.0191621775689255,1.0,0.8012954954509798,0.2978541336646112,0.3211493918579462,0.30292913748724604,0.5466297351546685,0.277931178219966,0.03234053553176894,0.028855781620819598,0.05595568705801184,0.05094694890662885,0.04120166519782351,0.06613924880218856,0.09533784064282007,0.055831874556618644,0.0866048453548529,0.029096970715986534,0.029000506329194594,0.029006566119301535,0.02777144527493663
OmbEthnicity,0.1108709828390395,0.016439698390840658,0.016501464204988738,0.06627663713513261,0.013318999457844627,0.015178714072168621,0.01070429478974021,0.03676275877317806,0.022742809446437584,0.09993106496053555,0.052411388740816224,0.02329009523668911,0.00928029878345172,0.018678759283019528,0.011017755259930456,0.0015712861307912,0.01940495954718134,0.8012954954509798,1.0,0.47170804994212046,0.47215749437623483,0.48644789831875923,0.4622220182970789,0.19834216149043943,0.04535532740775624,0.028040938624209782,0.07573489432848751,0.07038466433702595,0.05445620370340953,0.06692787841480832,0.06864261066562084,0.05227023022515169,0.03622888504801102,0.016832290833082766,0.016908544354714353,0.01690177434053808,0.014500506867646357
MaritalStatus,0.15449484506651773,0.030496534962191905,0.022581135559549395,0.13442902318436262,0.029239824402642434,0.026640799276475405,0.1443022358626145,0.04219070549362432,0.04360287731911332,0.08178575649563687,0.06853382679613196,0.089915531223278,0.037818098375220516,0.04057818752899284,0.03930959259410726,0.01845847263468054,0.030481740231662648,0.2978541336646112,0.47170804994212046,1.0,0.3645352253275574,0.34813484168637715,0.6248277951287967,0.6205778656011927,0.0636393178643184,0.050491542754683316,0.10137151876045622,0.08003801538805977,0.0770565699447759,0.04003061543820703,0.12812514911872896,0.029948885140083488,0.06087786163209306,0.022912150002279665,0.02324213766268705,0.023204844451668854,0.024522446483731523
MyChartStatus,0.18649674267598557,0.03290178397001189,0.03229990811796078,0.04637737155774161,0.027536967878389933,0.035390952282177965,0.09209143104288381,0.03789782717811918,0.03306521555483068,0.1008380353543794,0.06516888836709508,0.06428407502136371,0.050229490479872525,0.026916467730446175,0.05187680016211017,0.02102121173656511,0.022959317610261466,0.3211493918579462,0.47215749437623483,0.3645352253275574,1.0,0.3831893171592001,0.8359668473805768,0.1974163232597336,0.04720898112327526,0.04266435397343889,0.05443707551610215,0.07294573479442047,0.04844460162102665,0.06398280389868072,0.08594556909165746,0.03278951024748422,0.08963518901778927,0.024964216902194837,0.025300844894022588,0.025274103338765497,0.02336912455146197
SmokingStatus,0.1597690718647309,0.03827657804908969,0.03565540345031606,0.09143714961070688,0.03583315084560775,0.04286084781736163,0.08390768538619688,0.0555932091779417,0.06666615543960598,0.08076810957537142,0.06384248735311583,0.07956543923924109,0.054889454679256995,0.05330292500991073,0.05756045218517599,0.014780293228910292,0.0395137835934709,0.30292913748724604,0.48644789831875923,0.34813484168637715,0.3831893171592001,1.0,0.6459264826271396,0.4120155758517341,0.04863631315313432,0.042520937457006795,0.08268850443227109,0.08518026544988434,0.05998381236391344,0.039062138619835665,0.08397660640447777,0.0438613284922748,0.04828314294872156,0.027674676886065615,0.027731086863560694,0.0277237334261388,0.02706395942488217
VitalStatus,0.18002173471193003,0.021670387700707887,0.013615450670437347,0.010359945043223991,0.01887723911237198,0.023539635660649608,0.03145921902998298,0.037333325800410634,0.0047727972610207454,0.13248523603635204,0.09575885855527828,0.004051060611621363,0.03411252472659341,0.005989776305086247,0.035999015146011205,0.0073445277306700635,0.010713669354283452,0.5466297351546685,0.4622220182970789,0.6248277951287967,0.8359668473805768,0.6459264826271396,1.0,0.1749384665873754,0.07078040824575116,0.0686801286931443,0.07409298715242468,0.09733054472510251,0.07142963200483098,0.08633213470665979,0.013598310399546749,0.014555022623650023,0.013179672097777817,0.0244196822339527,0.024835883176623573,0.024844985851709234,0.022533208680599548
PatientBirthYearBin,-0.006871928177582257,0.008098097119181484,-0.008124882786963836,0.14543298102376234,0.009279957101624681,-0.008079751695848804,-0.1514811501640444,0.12964199507391644,0.11779411621042159,0.15359279267393589,0.19155474077560442,0.0838526257074666,0.017124776098097552,-0.04058941737852072,0.01493594160369575,0.008458801655294751,0.05121724194410021,0.277931178219966,0.19834216149043943,0.6205778656011927,0.1974163232597336,0.4120155758517341,0.1749384665873754,1.0,0.22841330111530675,0.13644146604582244,0.3603260702044269,0.1916715090092442,0.2490435511459382,0.10135454419398436,-0.038649603799677135,-0.0001248289374939049,0.028442757070506305,0.003938004636783706,0.003933121229257992,0.003932747471047965,0.004057212840587676
GroupName,0.09358384069504598,0.04073055006045525,0.025989901447805434,0.08611419198481589,0.04076873998878817,0.027810092767772354,0.10355558957818982,0.06856699739800978,0.07470234554260244,0.20728303687479555,0.2805277318365952,0.07771929224660348,0.06557534779445794,0.1615118437318102,0.05756741560007473,0.03226820794517308,0.1726704007584626,0.03234053553176894,0.04535532740775624,0.0636393178643184,0.04720898112327526,0.04863631315313432,0.07078040824575116,0.22841330111530675,1.0,0.1257043860965522,0.19172036742154308,0.10614696773225377,0.21878872805626023,0.0647866106653961,0.04029583981789643,0.05601968464533271,0.058516457492808004,0.07535396211659415,0.07286059147827853,0.07289200167590092,0.10455120545704688
ProviderType,0.0357622573447333,0.030141529900389763,0.014146072871332419,0.11323420893520757,0.030147383421707943,0.01728258599663788,0.23644389464204787,0.17069591040026674,0.17395704085474448,0.48586363243809644,0.4113941887906185,0.24826873632674049,0.14930886743814856,0.288070450444333,0.13524547409507873,0.06349913879176108,0.618971750307345,0.028855781620819598,0.028040938624209782,0.050491542754683316,0.04266435397343889,0.042520937457006795,0.0686801286931443,0.13644146604582244,0.1257043860965522,1.0,0.3947782769869106,0.17612495350509338,0.49256895765377867,0.12050466082965162,0.05217757011178439,0.08526490736537495,0.1419727719854046,0.07828032680798751,0.07827084968662586,0.07827734116044474,0.08384894272385873
PrimarySpecialty,0.06191753438727596,0.03760600256375233,0.04063049709358121,0.25934757179713847,0.03879498666229252,0.04218345076853764,0.43281150665042056,0.23049107231494784,0.3401697712458312,0.4044723806250259,0.33489742668522027,0.8267844598283828,0.09745388393917229,0.1484075398466275,0.08033485584373401,0.07354928470054384,0.48903393201375234,0.05595568705801184,0.07573489432848751,0.10137151876045622,0.05443707551610215,0.08268850443227109,0.07409298715242468,0.3603260702044269,0.19172036742154308,0.3947782769869106,1.0,0.43082033691864047,0.5126727791847969,0.12925899371329694,0.04316496939160593,0.11236612875197442,0.09936901934849736,0.04511289292485652,0.04485775621427077,0.044826823551381234,0.07303786264721844
DepartmentType,0.03896372798692459,0.021283137845825334,0.024644576735597036,0.2586343827972941,0.024405896126300827,0.02653435626758621,0.5839185370113118,0.4726229813836331,0.4793751184564194,0.4755777521355102,0.2748092202502662,0.8710326709908689,0.3456303756766306,0.6338857060850772,0.3150642079813576,0.1761761870863548,0.4091449799957151,0.05094694890662885,0.07038466433702595,0.08003801538805977,0.07294573479442047,0.08518026544988434,0.09733054472510251,0.1916715090092442,0.10614696773225377,0.17612495350509338,0.43082033691864047,1.0,0.407856920618286,0.12024310913121058,0.031523833400168226,0.08379960651935228,0.07425748167709109,0.05260564897912526,0.05263980194843805,0.05264409929030327,0.06840446064649242
DepartmentSpecialty,0.011107852537408187,0.028033771427866422,0.003346251579208057,0.0342282479520675,0.027902516852209694,0.0011214259135579436,0.38922728459649975,0.16035176078424515,0.19688567918604932,0.5744487963865702,0.49804744493414504,0.27369230284119017,0.16552774227844216,0.33471650416684184,0.15030551420899882,0.06782348062443815,0.6575640339061355,0.04120166519782351,0.05445620370340953,0.0770565699447759,0.04844460162102665,0.05998381236391344,0.07142963200483098,0.2490435511459382,0.21878872805626023,0.49256895765377867,0.5126727791847969,0.407856920618286,1.0,0.19965573795091796,0.05770432743343237,0.16138950023852067,0.14558667633789205,0.09608705868707006,0.09520189141013906,0.09521342055508665,0.11448507600244283
County,0.14548398912733515,0.014132326805112984,0.004930731364200445,0.060496141728046154,0.014495730588222974,0.0056681950871153896,0.10025396039285037,0.06719833001077183,0.07878532245450287,0.13253180326072667,0.15339494590650515,0.12586535852149433,0.04691966310581569,0.14094803714907359,0.04250237954028277,0.022371731746464518,0.10996771838389384,0.06613924880218856,0.06692787841480832,0.04003061543820703,0.06398280389868072,0.039062138619835665,0.08633213470665979,0.10135454419398436,0.0647866106653961,0.12050466082965162,0.12925899371329694,0.12024310913121058,0.19965573795091796,1.0,0.13300503449579573,0.5983604271624083,0.7137274673369942,0.02639707295818704,0.02619269492501461,0.026197373606227592,0.032229112171750667
PopulationValue,-0.020078102160396294,0.004882364717844674,-0.024027246816913574,-0.017789076124556606,0.00486561982299469,-0.018199783366243883,0.032080227713152006,0.041372086881989706,0.0368535229652575,0.0589709718145423,0.03421544378294687,-0.025544828065407473,-0.012287136646602454,0.007523228626844785,-0.01235345399522812,-0.0014875071615585266,0.01204338137817369,0.09533784064282007,0.06864261066562084,0.12812514911872896,0.08594556909165746,0.08397660640447777,0.013598310399546749,-0.038649603799677135,0.04029583981789643,0.05217757011178439,0.04316496939160593,0.031523833400168226,0.05770432743343237,0.13300503449579573,1.0,-0.0008595355163718152,0.06822766427072936,0.0037755688645696684,0.0037785656850023784,0.003778544228140337,0.0037653432689583686
CENTLAT,-0.019979044185213325,-0.030246049406396015,0.006069809758449316,0.005644785127015333,-0.02798155265347496,0.0010835690002902816,0.0027265251286349296,0.0375508682989452,0.03457034055969258,0.12432721242457094,0.08746388160982325,0.0011027064577445733,-0.0010931140424250817,0.007724777785419689,-0.0006142568592521737,-0.0004313404204189448,0.007501450624239743,0.055831874556618644,0.05227023022515169,0.029948885140083488,0.03278951024748422,0.0438613284922748,0.014555022623650023,-0.0001248289374939049,0.05601968464533271,0.08526490736537495,0.11236612875197442,0.08379960651935228,0.16138950023852067,0.5983604271624083,-0.0008595355163718152,1.0,0.12566838829527985,0.003646569999225889,0.003641247439521795,0.0036411913712257587,0.00370841373648256
CENTLON,-0.065521573515257,0.013051590663836274,0.0028336267293400568,-0.004706422153948201,0.012709455138586736,0.0016295847056242575,-0.001610700218430364,0.0644127292628335,0.04234555307851907,0.0956969498717483,0.059640420758777964,0.010707451915409132,-0.0017269591622976266,0.013159473038531462,-0.0018857725472103605,-0.0010134760488027877,-0.011565494579011673,0.0866048453548529,0.03622888504801102,0.06087786163209306,0.08963518901778927,0.04828314294872156,0.013179672097777817,0.028442757070506305,0.058516457492808004,0.1419727719854046,0.09936901934849736,0.07425748167709109,0.14558667633789205,0.7137274673369942,0.06822766427072936,0.12566838829527985,1.0,-0.010081269814908521,-0.01007769850336923,-0.01007768200743953,-0.010062899017295372
sdoh_screen_count,0.20413570671122142,0.03820285637920266,0.033042505562200494,0.0441642914330895,0.0362570711794504,0.020260510895518388,-0.12930371590969256,0.22340528244706356,0.19586268149535668,0.11142520476819888,0.09736153688403222,0.10718384658174594,0.29192429551299653,-0.01885688349418381,0.2653034403762208,0.11885183016305907,-0.021908039094017076,0.029096970715986534,0.016832290833082766,0.022912150002279665,0.024964216902194837,0.027674676886065615,0.0244196822339527,0.003938004636783706,0.07535396211659415,0.07828032680798751,0.04511289292485652,0.05260564897912526,0.09608705868707006,0.02639707295818704,0.0037755688645696684,0.003646569999225889,-0.010081269814908521,1.0,0.9999999157832359,0.99999991377298,0.99998353952767
sdoh_valid_question,0.20413937235762195,0.03814303925406104,0.033052232965787964,0.044158986836321225,0.03622476374025214,0.02029703714117707,-0.12929964839350092,0.22655035145608426,0.1982737271217577,0.11245879607539568,0.0971831456415702,0.10719352263662686,0.2919400667128739,-0.018855890037383503,0.2653136004705146,0.11886720292367152,-0.021911394351050294,0.029000506329194594,0.016908544354714353,0.02324213766268705,0.025300844894022588,0.027731086863560694,0.024835883176623573,0.003933121229257992,0.07286059147827853,0.07827084968662586,0.04485775621427077,0.05263980194843805,0.09520189141013906,0.02619269492501461,0.0037785656850023784,0.003641247439521795,-0.01007769850336923,0.9999999157832359,1.0,0.9999999976961349,0.9999835591133184
sdoh_valid_answer,0.20414816382162956,0.03813111345326919,0.03304721464007174,0.04417092218771422,0.036212771309828085,0.02028964402122996,-0.12929572660790004,0.22635926750550422,0.19816984923555733,0.11245485603048709,0.09717748173976812,0.10719262296938253,0.2919393718185504,-0.018855890078827178,0.2653151661454722,0.11886220974482847,-0.021911365035288916,0.029006566119301535,0.01690177434053808,0.023204844451668854,0.025274103338765497,0.0277237334261388,0.024844985851709234,0.003932747471047965,0.07289200167590092,0.07827734116044474,0.044826823551381234,0.05264409929030327,0.09521342055508665,0.026197373606227592,0.003778544228140337,0.0036411913712257587,-0.01007768200743953,0.99999991377298,0.9999999976961349,1.0,0.9999835613111987
has_sdoh_screen,0.20432158713987764,0.03804488039864492,0.03327400683390569,0.043099760780265436,0.036152630791795815,0.02041535946669854,-0.12874904655231817,0.19192535439168265,0.15884834048960197,0.10835061040909945,0.10942945350302175,0.10668051167928695,0.2909104550505463,-0.01877677323422791,0.26425688563106897,0.11870694579061865,-0.021622427132005885,0.02777144527493663,0.014500506867646357,0.024522446483731523,0.02336912455146197,0.02706395942488217,0.022533208680599548,0.004057212840587676,0.10455120545704688,0.08384894272385873,0.07303786264721844,0.06840446064649242,0.11448507600244283,0.032229112171750667,0.0037653432689583686,0.00370841373648256,-0.010062899017295372,0.99998353952767,0.9999835591133184,0.9999835613111987,1.0
