left,right,association,abs_association
sdoh_screen_count,sdoh_valid_question,1.0,1.0
sdoh_screen_count,sdoh_valid_answer,1.0,1.0
sdoh_screen_count,has_sdoh_screen,1.0,1.0
sdoh_valid_question,sdoh_valid_answer,1.0,1.0
sdoh_valid_question,has_sdoh_screen,1.0,1.0
sdoh_valid_answer,has_sdoh_screen,1.0,1.0
AdmitMonth,DischargeMonth,0.9929,0.9929
AdmissionType,IsEdVisit,0.972,0.972
AdmitDay,DischargeDay,0.935,0.935
AdmissionSource,IsHospitalOutpatientVisit,0.9272,0.9272
IsHospitalAdmission,IsInpatientAdmission,0.908,0.908
Type,IsOutpatientFaceToFaceVisit,0.8948,0.8948
IsEdVisit,DepartmentType,0.871,0.871
AdmissionType,IsHospitalOutpatientVisit,0.8614,0.8614
AdmissionSource,IsEdVisit,0.8445,0.8445
MyChartStatus,VitalStatus,0.836,0.836
IsEdVisit,PrimarySpecialty,0.8268,0.8268
OmbRace,OmbEthnicity,0.8013,0.8013
Type,IsHospitalOutpatientVisit,0.7492,0.7492
DischargeHour,IsHospitalOutpatientVisit,0.7385,0.7385
County,CENTLON,0.7137,0.7137
AdmissionSource,AdmissionType,0.7009,0.7009
VisitTypeDescription,IsOutpatientFaceToFaceVisit,0.6733,0.6733
IsOutpatientFaceToFaceVisit,DepartmentSpecialty,0.6576,0.6576
SmokingStatus,VitalStatus,0.6459,0.6459
IsHospitalOutpatientVisit,DepartmentType,0.6339,0.6339
DischargeHour,IsOutpatientFaceToFaceVisit,0.6295,0.6295
MaritalStatus,VitalStatus,0.6248,0.6248
MaritalStatus,PatientBirthYearBin,0.6206,0.6206
IsOutpatientFaceToFaceVisit,ProviderType,0.619,0.619
