GroupName,count
"Fracture of lower leg, including ankle",84079
Fracture of forearm,68275
Fracture at wrist and hand level,58559
Fracture of femur,57718
Intracranial injury,50269
Fracture of shoulder and upper arm,45886
"Fracture of foot and toe, except ankle",39515
Reserved for inherently not codable concepts without codable children,28789
Fracture of lumbar spine and pelvis,20330
Fracture of skull and facial bones,17259
Fracture of rib,16511
Reserved for concepts with insufficient information to code with codable children,14505
Open wound of head,12345
Burn and corrosion of wrist and hand,12055
Other and unspecified injuries of ankle and foot,11765
Disorder of continuity of bone,11062
Maternal care for other fetal problems,10691
"Open wound of wrist, hand and fingers",10501
Other local infections of skin and subcutaneous tissue,10446
Dislocation and sprain of joints and ligaments at wrist and hand level,9535
"Non-pressure chronic ulcer of lower limb, not elsewhere classified",8657
"Poisoning by, adverse effect of and underdosing of diuretics and other and unspecified drugs, medicaments and biological substances",8073
Type 2 diabetes mellitus,8040
Genetic susceptibility to disease,7598
Fracture of cervical vertebra and other parts of neck,7509
