VisitTypeDescription,count
Clinic Visits- In Person,1627816
*Unspecified,1213827
Laboratory draw,1174370
Physical Therapy,497500
Clinic Visit- In Person,491390
X Ray,457720
Clinic Visits- In person,276060
Clinic Visits- Virtual,209185
Computerized Tomography- CT,196082
Mammography,128243
Acute Clinic Visits,124930
Infusion Services,124818
Ultrasound,104625
Obstetrics,95479
Magnetic Resonance,82085
Electrocardiogram,70826
Clinic Visit,69590
Cardiac Monitoring,56126
Procedures,53607
Flouroscopy,47721
GI Scopes,47462
Cardiac Ultrasound,46929
Radiation Therapy,44036
Pre Admission Testing,36225
Cardiac Rehab,36189
Nuclear Medicine,31370
Pain Management,30126
Cardiac Services,27849
Infusion,27035
New Patient Intake Visit,24867
