provider_city,zip5,encounter_count,unique_patients,mean_distance,median_distance,provider_lat,provider_lon,top_specialty
Topeka,66606,269,67,194.59,194.52,39.0583,-95.7095,Endocrinology
Topeka,66604,35,13,194.34,194.73,39.0405,-95.7178,Emergency Medicine
Manhattan,66502,20,4,148.1,147.88,39.1938,-96.5858,Family Medicine
Topeka,66614,14,4,192.94,193.11,39.0154,-95.7469,Nurse Practitioner
Topeka,66605,10,3,198.34,198.63,39.0151,-95.6439,Family Medicine
Junction City,66441,6,3,135.85,133.46,39.0299,-96.8396,Emergency Medicine
Shawnee Mission,66223,4,1,249.74,249.74,38.8619,-94.661,Plastic/ Reconstructive Surgery
Lawrence,66044,3,1,228.54,228.54,39.0289,-95.2086,Urology
Manhattan,66503,3,1,145.45,145.45,39.2458,-96.6336,Family Medicine
Shawnee Mission,66204,3,3,249.49,249.69,38.9928,-94.6771,Psychiatry
Topeka,66618,3,3,195.28,195.76,39.1329,-95.7023,Family Medicine
Lawrence,66049,1,1,217.47,217.47,38.9704,-95.2769,Rheumatology
Oskaloosa,66066,1,1,216.59,216.59,39.2152,-95.3135,Family Medicine
Rossville,66533,1,1,181.74,181.74,39.1451,-95.9553,Nurse Practitioner
