area_city,area_patients,area_encounters,screened_patients,positive_transport_patients,positive_rate_screened,mean_distance,median_distance,mode_distance_rounded,far_20mi_share,provider_lat,provider_lon,opportunity_score
Salina,1455,2217,43,6,0.1395,88.04,101.6,103,0.9995,38.82345623100304,-97.64215045592705,89.48
Atchison,1400,2351,33,5,0.1515,46.31,46.04,46,0.9881,39.5594,-95.1304,50.83
Eudora,7205,13991,254,37,0.1457,28.51,26.3,25,0.9594,38.933,-95.1022,36.88
Gardner,1219,1639,34,3,0.0882,54.56,49.53,48,0.9762,38.8075,-94.9157,34.21
Marysville,816,1544,25,2,0.08,59.47,70.28,74,0.9948,39.8428,-96.6422,31.9
Leavenworth,1084,1913,36,4,0.1111,40.55,43.45,43,0.8782,39.3015,-94.9339,31.49
Lansing,1225,2271,43,4,0.093,45.22,44.51,45,0.9819,39.2502,-94.8994,29.92
Olathe,2905,4235,83,5,0.0602,56.21,53.24,58,0.9778,38.874736842105264,-94.78012009569377,27.0
Ottawa,1411,3113,52,5,0.0962,35.96,36.87,39,0.9817,38.6142,-95.2745,25.08
Hiawatha,3399,12246,162,10,0.0617,46.85,49.94,56,0.8843,39.7914,-95.6004,23.52
Baldwin City,2689,6552,131,13,0.0992,28.86,27.15,23,0.942,38.7953,-95.2276,22.62
Herington,1202,7107,161,12,0.0745,40.41,32.29,26,0.844,38.6767,-96.8941,21.36
