,alcohol_use,depression,financial_resource_strain,food_insecurity,housing_stability,transportation_needs,utilities,intimate_partner_violance,physical_activity,social_connections,stress,dx_essential,dx_encounter_for_supervision_of_normal_pr,dx_other_sepsis,dx_major_depressive_disorder_recurrent,dx_disorders_of_lipoprotein_metabolism_an
alcohol_use,1.0,0.058,0.019,0.003,-0.009,0.003,-0.006,0.029,-0.187,-0.084,0.044,0.076,-0.098,-0.081,0.031,0.078
depression,0.058,1.0,0.162,0.24,0.142,0.154,0.224,0.157,0.042,0.198,0.571,-0.025,0.022,-0.001,0.119,-0.034
financial_resource_strain,0.019,0.162,1.0,0.574,0.365,0.475,0.4,0.267,0.052,0.196,0.273,-0.046,0.005,-0.008,0.151,-0.039
food_insecurity,0.003,0.24,0.574,1.0,0.357,0.512,0.483,0.295,0.043,0.23,0.336,-0.034,0.004,-0.028,0.187,-0.032
housing_stability,-0.009,0.142,0.365,0.357,1.0,0.33,0.28,0.22,-0.014,0.183,0.235,-0.041,0.221,-0.037,0.148,-0.045
transportation_needs,0.003,0.154,0.475,0.512,0.33,1.0,0.337,0.251,0.074,0.209,0.251,-0.031,-0.017,-0.011,0.153,-0.031
utilities,-0.006,0.224,0.4,0.483,0.28,0.337,1.0,0.21,0.066,0.219,0.353,-0.055,0.027,-0.028,0.142,-0.054
intimate_partner_violance,0.029,0.157,0.267,0.295,0.22,0.251,0.21,1.0,-0.008,0.143,0.23,-0.022,-0.003,-0.031,0.231,-0.016
physical_activity,-0.187,0.042,0.052,0.043,-0.014,0.074,0.066,-0.008,1.0,0.223,0.046,-0.152,-0.087,0.119,-0.016,-0.115
social_connections,-0.084,0.198,0.196,0.23,0.183,0.209,0.219,0.143,0.223,1.0,0.22,-0.094,-0.017,0.048,0.159,-0.085
stress,0.044,0.571,0.273,0.336,0.235,0.251,0.353,0.23,0.046,0.22,1.0,-0.097,-0.027,-0.045,0.3,-0.083
dx_essential,0.076,-0.025,-0.046,-0.034,-0.041,-0.031,-0.055,-0.022,-0.152,-0.094,-0.097,1.0,-0.06,-0.053,-0.046,-0.044
dx_encounter_for_supervision_of_normal_pr,-0.098,0.022,0.005,0.004,0.221,-0.017,0.027,-0.003,-0.087,-0.017,-0.027,-0.06,1.0,-0.051,-0.044,-0.042
dx_other_sepsis,-0.081,-0.001,-0.008,-0.028,-0.037,-0.011,-0.028,-0.031,0.119,0.048,-0.045,-0.053,-0.051,1.0,-0.039,-0.038
dx_major_depressive_disorder_recurrent,0.031,0.119,0.151,0.187,0.148,0.153,0.142,0.231,-0.016,0.159,0.3,-0.046,-0.044,-0.039,1.0,-0.033
dx_disorders_of_lipoprotein_metabolism_an,0.078,-0.034,-0.039,-0.032,-0.045,-0.031,-0.054,-0.016,-0.115,-0.085,-0.083,-0.044,-0.042,-0.038,-0.033,1.0
