DisplayName,count
*Unspecified,2326196
"In the past 12 months, has lack of transportation kept you from medical appointments or from getting medications?",82166
"In the past 12 months, has lack of transportation kept you from meetings, work, or from getting things needed for daily living?",82107
"Within the past 12 months, you worried that your food would run out before you got the money to buy more.",82102
"Within the past 12 months, the food you bought just didn't last and you didn't have money to get more.",82052
"In the past 12 months has the electric, gas, oil, or water company threatened to shut off services in your home?",76232
"In the last 12 months, was there a time when you were not able to pay the mortgage or rent on time?",74091
Q1: How often do you have a drink containing alcohol?,70858
"Do you feel stress - tense, restless, nervous, or anxious, or unable to sleep at night because your mind is troubled all the time - these days?",70005
Q2: How many drinks containing alcohol do you have on a typical day when you are drinking?,69581
Q3: How often do you have six or more drinks on one occasion?,68619
"How hard is it for you to pay for the very basics like food, housing, medical care, and heating?",66767
"On average, how many days per week do you engage in moderate to strenuous exercise (like a brisk walk)?",66373
"On average, how many minutes do you engage in exercise at this level?",64149
"In a typical week, how many times do you talk on the phone with family, friends, or neighbors?",62145
How often do you get together with friends or relatives?,62039
"Are you married, widowed, divorced, separated, never married, or living with a partner?",61862
"Do you belong to any clubs or organizations such as church groups, unions, fraternal or athletic groups, or school groups?",61743
How often do you attend church or religious services?,61661
How often do you attend meetings of the clubs or organizations you belong to?,60772
"At any time in the past 12 months, were you homeless or living in a shelter (including now)?",53603
"Within the last year, have you been humiliated or emotionally abused in other ways by your partner or ex-partner?",48001
"Within the last year, have you been afraid of your partner or ex-partner?",47948
"Within the last year, have you been kicked, hit, slapped, or otherwise physically hurt by your partner or ex-partner?",47864
"Within the last year, have you been raped or forced to have any kind of sexual activity by your partner or ex-partner?",47792
"In the past 12 months, how many times have you moved where you were living?",47438
Edinburgh Depression Scale Total,15542
The thought of harming myself has occurred to me.,15303
Patient Health Questionnaire-2 Score,1730
PHQ-2 Total Score,1153
